-- phpMyAdmin SQL Dump
-- version 4.6.6deb4
-- https://www.phpmyadmin.net/
--
-- Client :  localhost:3306
-- Généré le :  Ven 19 Juin 2020 à 13:17
-- Version du serveur :  10.1.26-MariaDB-0+deb9u1
-- Version de PHP :  7.0.33-0+deb9u3

SET SQL_MODE = "NO_AUTO_VALUE_ON_ZERO";
SET time_zone = "+00:00";


/*!40101 SET @OLD_CHARACTER_SET_CLIENT=@@CHARACTER_SET_CLIENT */;
/*!40101 SET @OLD_CHARACTER_SET_RESULTS=@@CHARACTER_SET_RESULTS */;
/*!40101 SET @OLD_COLLATION_CONNECTION=@@COLLATION_CONNECTION */;
/*!40101 SET NAMES utf8mb4 */;

--
-- Base de données :  `resto`
--

-- --------------------------------------------------------

--
-- Structure de la table `commande`
--

CREATE TABLE `commande` (
  `id_commande` int(11) NOT NULL,
  `date_cmd` date DEFAULT NULL,
  `etat` enum('-1','1','2') DEFAULT NULL,
  `IEN` varchar(8) NOT NULL,
  `id_livraison` int(11) DEFAULT NULL,
  `heure` time NOT NULL
) ENGINE=InnoDB DEFAULT CHARSET=latin1;

--
-- Contenu de la table `commande`
--

INSERT INTO `commande` (`id_commande`, `date_cmd`, `etat`, `IEN`, `id_livraison`, `heure`) VALUES
(3, '2020-06-08', '1', 'W6WDBX5Q', NULL, '08:17:27'),
(4, '2020-06-08', '1', '856OS0XE', NULL, '09:02:46'),
(5, '2020-06-08', '1', '387DMVH9', NULL, '09:06:45'),
(6, '2020-06-08', '1', '01WK8DA0', NULL, '10:32:32'),
(7, '2020-06-08', '1', '95WEJKHY', NULL, '11:23:59'),
(8, '2020-06-08', '1', '498NJMPG', NULL, '11:54:23'),
(9, '2020-06-11', '-1', '683DYTUN', NULL, '09:39:09'),
(10, '2020-06-11', '1', '439TPRCR', NULL, '11:38:36'),
(11, '2020-06-12', '2', 'W6WDBX5Q', NULL, '10:04:52'),
(12, '2020-06-12', '-1', '378H6QTA', NULL, '10:09:11'),
(13, '2020-06-12', '1', '844PYNTD', NULL, '10:11:42'),
(14, '2020-06-12', '-1', '997TH8HV', NULL, '10:11:45'),
(15, '2020-06-12', '2', '387DMVH9', NULL, '10:14:45'),
(16, '2020-06-12', '2', '856OS0XE', NULL, '10:14:46'),
(17, '2020-06-12', '2', '438JU4AT', NULL, '10:16:33'),
(18, '2020-06-12', '2', '733NY38C', NULL, '10:17:05'),
(19, '2020-06-12', '2', '01WK8DA0', NULL, '10:19:27'),
(20, '2020-06-12', '2', '844R9CQ4', NULL, '10:26:05'),
(21, '2020-06-12', '1', '948V7EKB', NULL, '10:26:18'),
(22, '2020-06-12', '2', '484NNYA9', NULL, '10:26:54'),
(23, '2020-06-12', '2', '784ABJRB', NULL, '10:28:13'),
(24, '2020-06-12', '2', '497QDDYM', NULL, '10:28:32'),
(25, '2020-06-12', '2', '493CACBT', NULL, '10:29:31'),
(26, '2020-06-12', '1', '479PYRCH', NULL, '10:31:07'),
(27, '2020-06-12', '2', '676WQ3GX', NULL, '10:32:25'),
(28, '2020-06-12', '1', '433RCFY4', NULL, '10:33:10'),
(29, '2020-06-12', '2', '674M44KU', NULL, '10:34:27'),
(30, '2020-06-12', '1', '649JRP49', NULL, '10:34:34'),
(31, '2020-06-12', '2', '879W9RJD', NULL, '10:37:26'),
(32, '2020-06-12', '1', '367XNG88', NULL, '10:38:25'),
(33, '2020-06-12', '1', '633MUUC9', NULL, '10:38:47'),
(34, '2020-06-12', '1', '644KEFFT', NULL, '10:38:53'),
(35, '2020-06-12', '1', '866RCNXK', NULL, '10:40:35'),
(36, '2020-06-12', '1', '787GDRFR', NULL, '10:41:02'),
(37, '2020-06-12', '1', '639EPC96', NULL, '10:51:27'),
(38, '2020-06-12', '1', '736RFWCV', NULL, '10:55:06'),
(39, '2020-06-12', '1', '676DAFM6', NULL, '11:02:21'),
(40, '2020-06-12', '-1', '673BQDRA', NULL, '11:09:15'),
(41, '2020-06-12', '1', '636TM3A7', NULL, '11:11:47'),
(42, '2020-06-12', '1', '683DYTUN', NULL, '11:13:47'),
(43, '2020-06-12', '1', '348DRDQV', NULL, '11:14:55'),
(44, '2020-06-12', '1', '779CVCY3', NULL, '11:16:18'),
(45, '2020-06-12', '1', '476N9CY8', NULL, '11:17:50'),
(46, '2020-06-12', '-1', '698VFJ3G', NULL, '11:23:06'),
(47, '2020-06-12', '1', '893TR7WE', NULL, '11:25:33'),
(48, '2020-06-12', '2', '934RCNK3', NULL, '11:25:39'),
(49, '2020-06-12', '1', '893RW6DB', NULL, '11:28:27'),
(50, '2020-06-12', '1', '898V6WUR', NULL, '11:30:43'),
(51, '2020-06-12', '1', '699TQYTG', NULL, '11:32:00'),
(52, '2020-06-12', '1', '637UX6EV', NULL, '11:32:17'),
(53, '2020-06-12', '1', '846TXDDP', NULL, '11:33:00'),
(54, '2020-06-12', '1', '694AGDJ7', NULL, '11:33:56'),
(55, '2020-06-12', '1', '769MFTA7', NULL, '11:34:13'),
(56, '2020-06-12', '1', '388JTDPQ', NULL, '11:35:20'),
(57, '2020-06-12', '1', '749HAQED', NULL, '11:37:56'),
(58, '2020-06-12', '1', '383CTX7R', NULL, '11:45:08'),
(59, '2020-06-12', '1', '368GNV7T', NULL, '11:46:30'),
(60, '2020-06-12', '-1', '939PN3TR', NULL, '11:48:03'),
(61, '2020-06-12', '1', '447DPC4N', NULL, '11:51:57'),
(62, '2020-06-12', '2', '049EZQEE', NULL, '11:54:56'),
(63, '2020-06-14', '1', '676WQ3GX', NULL, '11:01:26'),
(64, '2020-06-15', '1', '699TQYTG', NULL, '08:55:40'),
(65, '2020-06-15', '1', '948V7EKB', NULL, '09:04:37'),
(66, '2020-06-15', '1', '893RW6DB', NULL, '09:07:14'),
(67, '2020-06-15', '1', '946TT64K', NULL, '09:14:59'),
(68, '2020-06-15', '1', '984QP4JD', NULL, '09:22:19'),
(69, '2020-06-15', '1', '844R9CQ4', NULL, '09:27:23'),
(70, '2020-06-15', '1', '784ABJRB', NULL, '09:41:11'),
(71, '2020-06-15', '1', '674M44KU', NULL, '09:43:58'),
(72, '2020-06-15', '1', '438JU4AT', NULL, '09:49:12'),
(73, '2020-06-15', '1', '898V6WUR', NULL, '09:50:05'),
(74, '2020-06-15', '1', '493CACBT', NULL, '09:54:13'),
(75, '2020-06-15', '1', '737PMBA7', NULL, '09:59:31'),
(76, '2020-06-15', '1', '779CVCY3', NULL, '10:01:44'),
(77, '2020-06-15', '1', '367XNG88', NULL, '10:06:42'),
(78, '2020-06-15', '1', '799NHUNA', NULL, '10:11:36'),
(79, '2020-06-15', '1', '673BQDRA', NULL, '10:21:26'),
(80, '2020-06-15', '1', '893TR7WE', NULL, '10:25:07'),
(81, '2020-06-15', '1', '696NMNMA', NULL, '10:28:46'),
(82, '2020-06-15', '1', '497QDDYM', NULL, '10:28:53'),
(83, '2020-06-15', '1', '956ND48W', NULL, '10:28:59'),
(84, '2020-06-15', '1', '387DMVH9', NULL, '10:30:16'),
(85, '2020-06-15', '1', '394T83TV', NULL, '10:31:46'),
(86, '2020-06-15', '1', '934GNUD3', NULL, '10:33:09'),
(87, '2020-06-15', '1', '448HVQ87', NULL, '10:34:37'),
(88, '2020-06-15', '1', '856OS0XE', NULL, '10:37:06'),
(89, '2020-06-15', '1', '399MNHVH', NULL, '10:41:35'),
(90, '2020-06-15', '1', '787GDRFR', NULL, '10:43:39'),
(91, '2020-06-15', '1', '498NJMPG', NULL, '10:45:46'),
(92, '2020-06-15', '1', '939PN3TR', NULL, '10:46:04'),
(93, '2020-06-15', '1', '683DYTUN', NULL, '10:55:36'),
(94, '2020-06-15', '1', '496YMU36', NULL, '11:04:31'),
(95, '2020-06-15', '1', '677V8K7N', NULL, '11:05:41'),
(96, '2020-06-15', '1', '464RUCNB', NULL, '11:07:16'),
(97, '2020-06-15', '1', '974F6BTV', NULL, '11:07:20'),
(98, '2020-06-15', '1', '476N9CY8', NULL, '11:12:01'),
(99, '2020-06-15', '1', '637TJ4CE', NULL, '11:12:10'),
(100, '2020-06-15', '1', '868JQX7M', NULL, '11:12:13'),
(101, '2020-06-15', '1', '999DTW3B', NULL, '11:13:37'),
(102, '2020-06-15', '1', '387BRTR4', NULL, '11:14:29'),
(103, '2020-06-15', '1', '473WXGPV', NULL, '11:14:51'),
(104, '2020-06-15', '1', '934RCNK3', NULL, '11:21:36'),
(105, '2020-06-15', '1', '646RTHK3', NULL, '11:24:02'),
(106, '2020-06-15', '1', '343VHHEW', NULL, '11:27:56'),
(107, '2020-06-15', '1', '986JYEKE', NULL, '11:27:58'),
(108, '2020-06-15', '1', '773Q3DWF', NULL, '11:29:55'),
(109, '2020-06-15', '1', '438JE3GH', NULL, '11:35:47'),
(110, '2020-06-15', '1', '964XMADQ', NULL, '11:39:46'),
(111, '2020-06-15', '1', '846TXDDP', NULL, '11:41:29'),
(112, '2020-06-15', '1', '743WVEDE', NULL, '11:41:58'),
(113, '2020-06-15', '1', '049EZQEE', NULL, '11:47:25'),
(114, '2020-06-15', '1', '374MC8NH', NULL, '11:57:06'),
(115, '2020-06-15', '1', '484NNYA9', NULL, '11:58:57'),
(116, '2020-06-15', '1', '897VMJJN', NULL, '12:13:56'),
(117, '2020-06-15', '1', '497MNEAX', NULL, '13:52:49'),
(118, '2020-06-16', '1', '974F6BTV', NULL, '01:51:50'),
(119, '2020-06-16', '1', '964XMADQ', NULL, '08:37:42'),
(120, '2020-06-16', '1', '397RF3JF', NULL, '08:44:42'),
(121, '2020-06-16', '1', '497QDDYM', NULL, '09:03:24'),
(122, '2020-06-16', '1', '676WQ3GX', NULL, '09:04:03'),
(123, '2020-06-16', '1', '674M44KU', NULL, '09:06:57'),
(124, '2020-06-16', '1', '893RW6DB', NULL, '09:14:25'),
(125, '2020-06-16', '1', '948V7EKB', NULL, '09:15:35'),
(126, '2020-06-16', '1', '784ABJRB', NULL, '09:17:52'),
(127, '2020-06-16', '1', '479PYRCH', NULL, '09:18:12'),
(128, '2020-06-16', '1', '844R9CQ4', NULL, '09:19:30'),
(129, '2020-06-16', '1', '696NMNMA', NULL, '09:20:03'),
(130, '2020-06-16', '1', '683DYTUN', NULL, '09:27:38'),
(131, '2020-06-16', '2', '868JQX7M', NULL, '09:29:46'),
(132, '2020-06-16', '1', '664NNKAA', NULL, '09:32:11'),
(133, '2020-06-16', '1', '493CACBT', NULL, '09:34:39'),
(134, '2020-06-16', '1', '784YX7XB', NULL, '09:35:10'),
(135, '2020-06-16', '1', '367XNG88', NULL, '09:36:03'),
(136, '2020-06-16', '1', '984QP4JD', NULL, '09:41:20'),
(137, '2020-06-16', '1', '874BU8DB', NULL, '09:48:47'),
(138, '2020-06-16', '1', '779CVCY3', NULL, '09:52:43'),
(139, '2020-06-16', '1', '737PMBA7', NULL, '09:54:38'),
(140, '2020-06-16', '1', '736WQB3J', NULL, '09:54:58'),
(141, '2020-06-16', '1', '699TQYTG', NULL, '09:55:36'),
(142, '2020-06-16', '1', '699WD6GR', NULL, '09:59:22'),
(143, '2020-06-16', '1', '864TA8FM', NULL, '10:04:14'),
(144, '2020-06-16', '1', '464RUCNB', NULL, '10:04:45'),
(145, '2020-06-16', '1', '966QDG3U', NULL, '10:04:59'),
(146, '2020-06-16', '1', '473WXGPV', NULL, '10:07:10'),
(147, '2020-06-16', '1', '893TR7WE', NULL, '10:07:34'),
(148, '2020-06-16', '1', '498M8KJ8', NULL, '10:15:04'),
(149, '2020-06-16', '1', '773Q3DWF', NULL, '10:15:12'),
(150, '2020-06-16', '1', '836AT3BH', NULL, '10:18:44'),
(151, '2020-06-16', '-1', '997TH8HV', NULL, '10:20:30'),
(152, '2020-06-16', '1', '856OS0XE', NULL, '10:20:53'),
(153, '2020-06-16', '1', '496YMU36', NULL, '10:24:22'),
(154, '2020-06-16', '1', '996HX333', NULL, '10:25:02'),
(155, '2020-06-16', '1', '95WEJKHY', NULL, '10:25:46'),
(156, '2020-06-16', '1', '949T6NMP', NULL, '10:30:22'),
(157, '2020-06-16', '1', '733ED6QF', NULL, '10:34:11'),
(158, '2020-06-16', '1', '676VAGX7', NULL, '10:38:21'),
(159, '2020-06-16', '1', '667U8KCE', NULL, '10:41:34'),
(160, '2020-06-16', '1', '844PYNTD', NULL, '10:47:01'),
(161, '2020-06-16', '1', '748MKRPT', NULL, '10:47:07'),
(162, '2020-06-16', '1', '934RCNK3', NULL, '10:48:26'),
(163, '2020-06-16', '1', '337RV4GT', NULL, '10:49:08'),
(164, '2020-06-16', '1', '879W9RJD', NULL, '10:57:05'),
(165, '2020-06-16', '1', '866RCNXK', NULL, '10:58:39'),
(166, '2020-06-16', '1', '649JRP49', NULL, '11:00:03'),
(167, '2020-06-16', '1', '786WYTNV', NULL, '11:00:49'),
(168, '2020-06-16', '1', '736RFWCV', NULL, '11:02:59'),
(169, '2020-06-16', '1', '387BRTR4', NULL, '11:03:56'),
(170, '2020-06-16', '1', '676DAFM6', NULL, '11:07:02'),
(171, '2020-06-16', '1', '348DRDQV', NULL, '11:09:09'),
(172, '2020-06-16', '1', '847NY4HQ', NULL, '11:10:25'),
(173, '2020-06-16', '1', '476N9CY8', NULL, '11:11:47'),
(174, '2020-06-16', '1', '488RFMJE', NULL, '11:12:49'),
(175, '2020-06-16', '1', '639TGM4K', NULL, '11:13:39'),
(176, '2020-06-16', '1', '394T83TV', NULL, '11:15:14'),
(177, '2020-06-16', '1', '433RCFY4', NULL, '11:15:34'),
(178, '2020-06-16', '1', '677V8K7N', NULL, '11:15:47'),
(179, '2020-06-16', '1', '468VMDWJ', NULL, '11:20:12'),
(180, '2020-06-16', '1', '497MNEAX', NULL, '11:24:37'),
(181, '2020-06-16', '1', '484NNYA9', NULL, '11:26:15'),
(182, '2020-06-16', '1', '646RTHK3', NULL, '11:32:17'),
(183, '2020-06-16', '1', '637UX6EV', NULL, '11:33:18'),
(184, '2020-06-16', '1', '789QRDYG', NULL, '11:35:03'),
(185, '2020-06-16', '1', '799NHUNA', NULL, '11:35:48'),
(186, '2020-06-16', '1', '644KEFFT', NULL, '11:37:14'),
(187, '2020-06-16', '1', '636TM3A7', NULL, '11:38:12'),
(188, '2020-06-16', '1', '849DDAMT', NULL, '11:43:06'),
(189, '2020-06-16', '1', '673BQDRA', NULL, '11:43:11'),
(190, '2020-06-16', '1', '399MNHVH', NULL, '11:45:43'),
(191, '2020-06-16', '1', '644K7GC9', NULL, '11:46:35'),
(192, '2020-06-16', '1', '737NRUYC', NULL, '11:50:38'),
(193, '2020-06-16', '1', '698VFJ3G', NULL, '11:52:42'),
(194, '2020-06-17', '1', '736WQB3J', NULL, '07:10:03'),
(195, '2020-06-17', '1', '676DAFM6', NULL, '07:39:27'),
(196, '2020-06-17', '1', '674M44KU', NULL, '08:33:46'),
(197, '2020-06-17', '1', '699TQYTG', NULL, '08:46:58'),
(198, '2020-06-17', '1', '874BU8DB', NULL, '08:49:44'),
(199, '2020-06-17', '1', '387DMVH9', NULL, '09:11:29'),
(200, '2020-06-17', '1', '683DYTUN', NULL, '09:16:33'),
(201, '2020-06-17', '1', '868JQX7M', NULL, '09:17:57'),
(202, '2020-06-17', '1', '844R9CQ4', NULL, '09:19:08'),
(203, '2020-06-17', '1', '779CVCY3', NULL, '09:20:48'),
(204, '2020-06-17', '1', '696NMNMA', NULL, '09:23:16'),
(205, '2020-06-17', '1', '856OS0XE', NULL, '09:24:39'),
(206, '2020-06-17', '1', '676WQ3GX', NULL, '09:29:49'),
(207, '2020-06-17', '1', '964XMADQ', NULL, '09:29:55'),
(208, '2020-06-17', '1', '479PYRCH', NULL, '09:30:35'),
(209, '2020-06-17', '1', '493CACBT', NULL, '09:32:07'),
(210, '2020-06-17', '1', '866RCNXK', NULL, '09:33:06'),
(211, '2020-06-17', '1', '784ABJRB', NULL, '09:36:42'),
(212, '2020-06-17', '1', '984QP4JD', NULL, '09:38:54'),
(213, '2020-06-17', '1', '637TJ4CE', NULL, '09:44:49'),
(214, '2020-06-17', '1', '364UJTBJ', NULL, '09:47:32'),
(215, '2020-06-17', '1', '784YX7XB', NULL, '09:50:57'),
(216, '2020-06-17', '1', '488RFMJE', NULL, '09:51:27'),
(217, '2020-06-17', '1', '387KA7WN', NULL, '09:54:20'),
(218, '2020-06-17', '1', '497QDDYM', NULL, '09:58:53'),
(219, '2020-06-17', '1', '836AT3BH', NULL, '09:59:45'),
(220, '2020-06-17', '1', '367XNG88', NULL, '10:05:17'),
(221, '2020-06-17', '1', '498NJMPG', NULL, '10:05:55'),
(222, '2020-06-17', '1', '967WEB98', NULL, '10:06:23'),
(223, '2020-06-17', '1', '773Q3DWF', NULL, '10:10:23'),
(224, '2020-06-17', '1', '798VH76G', NULL, '10:18:13'),
(225, '2020-06-17', '-1', '498M8KJ8', NULL, '10:20:01'),
(226, '2020-06-17', '1', '996HX333', NULL, '10:20:10'),
(227, '2020-06-17', '1', '763NYEJ6', NULL, '10:21:12'),
(228, '2020-06-17', '1', '847NY4HQ', NULL, '10:22:45'),
(229, '2020-06-17', '1', '673BQDRA', NULL, '10:24:23'),
(230, '2020-06-17', '1', '783DA4XF', NULL, '10:24:58'),
(231, '2020-06-17', '1', '348DRDQV', NULL, '10:37:10'),
(232, '2020-06-17', '1', '677V8K7N', NULL, '10:38:48'),
(233, '2020-06-17', '1', '637UX6EV', NULL, '10:39:06'),
(234, '2020-06-17', '1', '956ND48W', NULL, '10:41:58'),
(235, '2020-06-17', '1', '464RUCNB', NULL, '10:43:16'),
(236, '2020-06-17', '1', '844PYNTD', NULL, '10:45:07'),
(237, '2020-06-17', '1', '683KMPJV', NULL, '10:45:43'),
(238, '2020-06-17', '1', '743WVEDE', NULL, '10:46:58'),
(239, '2020-06-17', '1', '443RJH4W', NULL, '10:47:53'),
(240, '2020-06-17', '1', '748MKRPT', NULL, '10:48:03'),
(241, '2020-06-17', '1', '769BGKVY', NULL, '10:48:12'),
(242, '2020-06-17', '1', '637WDYUG', NULL, '10:49:14'),
(243, '2020-06-17', '1', '898V6WUR', NULL, '10:52:21'),
(244, '2020-06-17', '1', '963DEJ6K', NULL, '10:54:02'),
(245, '2020-06-17', '1', '864TA8FM', NULL, '10:55:37'),
(246, '2020-06-17', '1', '893RW6DB', NULL, '10:56:41'),
(247, '2020-06-17', '1', '789QRDYG', NULL, '10:57:29'),
(248, '2020-06-17', '1', '433J4MAT', NULL, '10:57:46'),
(249, '2020-06-17', '1', '636TM3A7', NULL, '10:58:33'),
(250, '2020-06-17', '1', '874K68MQ', NULL, '10:58:56'),
(251, '2020-06-17', '1', '438JU4AT', NULL, '10:59:53'),
(252, '2020-06-17', '1', '948V7EKB', NULL, '10:59:58'),
(253, '2020-06-17', '1', 'W6WDBX5Q', NULL, '11:00:18'),
(254, '2020-06-17', '1', '338PUJX4', NULL, '11:01:33'),
(255, '2020-06-17', '1', '974F6BTV', NULL, '11:02:33'),
(256, '2020-06-17', '1', '676VAGX7', NULL, '11:02:43'),
(257, '2020-06-17', '1', '347K7GMB', NULL, '11:03:34'),
(258, '2020-06-17', '1', '768VWMBK', NULL, '11:03:43'),
(259, '2020-06-17', '1', '893TR7WE', NULL, '11:05:08'),
(260, '2020-06-17', '1', '664NNKAA', NULL, '11:05:17'),
(261, '2020-06-17', '1', '468VMDWJ', NULL, '11:05:24'),
(262, '2020-06-17', '1', '474VW6UU', NULL, '11:11:28'),
(263, '2020-06-17', '1', '879W9RJD', NULL, '11:11:58'),
(264, '2020-06-17', '1', '674RY7AH', NULL, '11:12:21'),
(265, '2020-06-17', '1', '484NNYA9', NULL, '11:14:34'),
(266, '2020-06-17', '1', '797CUWTD', NULL, '11:22:02'),
(267, '2020-06-17', '1', '736RFWCV', NULL, '11:24:30'),
(268, '2020-06-17', '1', '497MNEAX', NULL, '11:28:04'),
(269, '2020-06-17', '1', '433RCFY4', NULL, '11:29:50'),
(270, '2020-06-17', '1', '646RTHK3', NULL, '11:29:59'),
(271, '2020-06-17', '1', '649JRP49', NULL, '11:31:26'),
(272, '2020-06-17', '1', '694AGDJ7', NULL, '11:33:47'),
(273, '2020-06-17', '1', '049EZQEE', NULL, '11:33:58'),
(274, '2020-06-17', '1', '484AE97K', NULL, '11:35:18'),
(275, '2020-06-17', '1', '476N9CY8', NULL, '11:35:36'),
(276, '2020-06-17', '1', '947BABJT', NULL, '11:39:46'),
(277, '2020-06-17', '1', '399MNHVH', NULL, '11:40:55'),
(278, '2020-06-17', '1', '897AW67R', NULL, '11:42:19'),
(279, '2020-06-17', '1', '95WEJKHY', NULL, '11:52:52'),
(280, '2020-06-17', '1', '388JTDPQ', NULL, '11:54:11'),
(281, '2020-06-17', '1', '436GRUF8', NULL, '11:58:02'),
(282, '2020-06-18', '1', '374MC8NH', NULL, '08:19:57'),
(283, '2020-06-18', '2', '786WYTNV', NULL, '08:31:31'),
(284, '2020-06-18', '2', '497QDDYM', NULL, '08:41:23'),
(285, '2020-06-18', '1', '699TQYTG', NULL, '08:53:43'),
(286, '2020-06-18', '2', '844R9CQ4', NULL, '08:55:18'),
(287, '2020-06-18', '1', '966QDG3U', NULL, '09:02:35'),
(288, '2020-06-18', '1', '683DYTUN', NULL, '09:04:19'),
(289, '2020-06-18', '2', '438JU4AT', NULL, '09:05:56'),
(290, '2020-06-18', '2', '674M44KU', NULL, '09:15:13'),
(291, '2020-06-18', '1', '898V6WUR', NULL, '09:15:41'),
(292, '2020-06-18', '1', '676DAFM6', NULL, '09:16:03'),
(293, '2020-06-18', '2', '737PMBA7', NULL, '09:17:55'),
(294, '2020-06-18', '1', '948V7EKB', NULL, '09:19:04'),
(295, '2020-06-18', '1', '893RW6DB', NULL, '09:20:12'),
(296, '2020-06-18', '1', '784YX7XB', NULL, '09:20:21'),
(297, '2020-06-18', '2', '676WQ3GX', NULL, '09:22:06'),
(298, '2020-06-18', '1', '984QP4JD', NULL, '09:23:23'),
(299, '2020-06-18', '1', '479PYRCH', NULL, '09:24:01'),
(300, '2020-06-18', '1', '664NNKAA', NULL, '09:27:33'),
(301, '2020-06-18', '2', '484NNYA9', NULL, '09:29:05'),
(302, '2020-06-18', '2', '939PN3TR', NULL, '09:29:47'),
(303, '2020-06-18', '1', '866RCNXK', NULL, '09:30:32'),
(304, '2020-06-18', '1', '476N9CY8', NULL, '09:31:30'),
(305, '2020-06-18', '2', '784ABJRB', NULL, '09:31:30'),
(306, '2020-06-18', '1', '388JTDPQ', NULL, '09:31:35'),
(307, '2020-06-18', '1', '694AGDJ7', NULL, '09:32:31'),
(308, '2020-06-18', '1', '649JRP49', NULL, '09:32:56'),
(309, '2020-06-18', '1', '868JQX7M', NULL, '09:36:42'),
(310, '2020-06-18', '1', '893TR7WE', NULL, '09:37:07'),
(311, '2020-06-18', '1', '779CVCY3', NULL, '09:39:41'),
(312, '2020-06-18', '1', '696NMNMA', NULL, '09:41:59'),
(313, '2020-06-18', '2', '699WD6GR', NULL, '09:48:50'),
(314, '2020-06-18', '1', '874BU8DB', NULL, '09:48:53'),
(315, '2020-06-18', '1', '844PYNTD', NULL, '09:55:12'),
(316, '2020-06-18', '2', '476FNNBU', NULL, '10:01:12'),
(317, '2020-06-18', '2', '364UJTBJ', NULL, '10:02:54'),
(318, '2020-06-18', '2', '493CACBT', NULL, '10:05:15'),
(319, '2020-06-18', '1', '674RY7AH', NULL, '10:05:17'),
(320, '2020-06-18', '1', '997TH8HV', NULL, '10:05:24'),
(321, '2020-06-18', '1', '949T6NMP', NULL, '10:06:45'),
(322, '2020-06-18', '1', '473WXGPV', NULL, '10:10:14'),
(323, '2020-06-18', '1', '667U8KCE', NULL, '10:11:34'),
(324, '2020-06-18', '1', '637TJ4CE', NULL, '10:11:58'),
(325, '2020-06-18', '2', '498NJMPG', NULL, '10:20:39'),
(326, '2020-06-18', '1', '636TM3A7', NULL, '10:25:22'),
(327, '2020-06-18', '2', '768VWMBK', NULL, '10:25:52'),
(328, '2020-06-18', '1', '789QRDYG', NULL, '10:25:53'),
(329, '2020-06-18', '1', '736WQB3J', NULL, '10:29:12'),
(330, '2020-06-18', '2', '474VW6UU', NULL, '10:29:35'),
(331, '2020-06-18', '1', '743WVEDE', NULL, '10:30:55'),
(332, '2020-06-18', '1', '664YGKMP', NULL, '10:31:36'),
(333, '2020-06-18', '1', '769BGKVY', NULL, '10:34:08'),
(334, '2020-06-18', '1', '637UX6EV', NULL, '10:36:04'),
(335, '2020-06-18', '2', '387DMVH9', NULL, '10:38:16'),
(336, '2020-06-18', '1', '367XNG88', NULL, '10:41:41'),
(337, '2020-06-18', '2', '879W9RJD', NULL, '10:43:03'),
(338, '2020-06-18', '1', '974F6BTV', NULL, '10:43:18'),
(339, '2020-06-18', '1', '967WEB98', NULL, '10:44:09'),
(340, '2020-06-18', '2', 'W6WDBX5Q', NULL, '10:44:38'),
(341, '2020-06-18', '1', '488RFMJE', NULL, '10:45:27'),
(342, '2020-06-18', '2', '856OS0XE', NULL, '10:46:25'),
(343, '2020-06-18', '1', '874K68MQ', NULL, '10:46:38'),
(344, '2020-06-18', '1', '677V8K7N', NULL, '10:48:42'),
(345, '2020-06-18', '1', '637WDYUG', NULL, '10:53:04'),
(346, '2020-06-18', '1', '999DTW3B', NULL, '10:53:30'),
(347, '2020-06-18', '1', '994RDGFH', NULL, '11:02:30'),
(348, '2020-06-18', '1', '498M8KJ8', NULL, '11:03:41'),
(349, '2020-06-18', '1', '836AT3BH', NULL, '11:08:33'),
(350, '2020-06-18', '2', '748MKRPT', NULL, '11:10:48'),
(351, '2020-06-18', '2', '934GNUD3', NULL, '11:10:56'),
(352, '2020-06-18', '2', '049EZQEE', NULL, '11:22:05'),
(353, '2020-06-18', '1', '497MNEAX', NULL, '11:25:43'),
(354, '2020-06-18', '1', '468VMDWJ', NULL, '11:26:06'),
(355, '2020-06-18', '2', '95WEJKHY', NULL, '11:26:13'),
(356, '2020-06-18', '2', '448HVQ87', NULL, '11:26:13'),
(357, '2020-06-18', '1', '488P8X44', NULL, '11:27:07'),
(358, '2020-06-18', '1', '364JVHED', NULL, '11:30:10'),
(359, '2020-06-18', '1', '786QX3U8', NULL, '11:30:13'),
(360, '2020-06-18', '1', '394T83TV', NULL, '11:31:53'),
(361, '2020-06-18', '1', '347K7GMB', NULL, '11:39:05'),
(362, '2020-06-18', '2', '934RCNK3', NULL, '11:41:05'),
(363, '2020-06-18', '1', '644KEFFT', NULL, '11:41:11'),
(364, '2020-06-18', '1', '447DPC4N', NULL, '11:44:45'),
(365, '2020-06-18', '1', '947BABJT', NULL, '11:48:51'),
(366, '2020-06-18', '1', '844Q9DDH', NULL, '11:51:54'),
(367, '2020-06-18', '1', '384VH44C', NULL, '11:52:18'),
(368, '2020-06-18', '1', '773Q3DWF', NULL, '11:52:21'),
(369, '2020-06-18', '1', '433J4MAT', NULL, '11:52:52'),
(370, '2020-06-18', '1', '864TA8FM', NULL, '11:54:27'),
(371, '2020-06-18', '2', '956ND48W', NULL, '11:55:59'),
(372, '2020-06-18', '1', '867BVQJ4', NULL, '11:56:14'),
(373, '2020-06-18', '1', '343VHHEW', NULL, '11:57:15'),
(374, '2020-06-18', '1', '967NRQDT', NULL, '11:57:48'),
(375, '2020-06-18', '1', '483TR3PH', NULL, '11:59:19'),
(379, '2020-06-18', '2', '899E8EYB', NULL, '11:59:10'),
(380, '2020-06-19', '1', '498M8KJ8', NULL, '08:33:03'),
(381, '2020-06-19', '1', '868JQX7M', NULL, '08:47:54'),
(382, '2020-06-19', '1', '784ABJRB', NULL, '08:49:25'),
(383, '2020-06-19', '1', '736WQB3J', NULL, '08:52:20'),
(384, '2020-06-19', '1', '438JU4AT', NULL, '09:05:53'),
(385, '2020-06-19', '1', '374MC8NH', NULL, '09:08:31'),
(386, '2020-06-19', '1', '779CVCY3', NULL, '09:10:07'),
(387, '2020-06-19', '1', '493CACBT', NULL, '09:10:54'),
(388, '2020-06-19', '1', '348DRDQV', NULL, '09:11:57'),
(389, '2020-06-19', '1', '683DYTUN', NULL, '09:14:16'),
(390, '2020-06-19', '1', '479PYRCH', NULL, '09:16:25'),
(391, '2020-06-19', '1', '893TR7WE', NULL, '09:18:27'),
(392, '2020-06-19', '1', '984QP4JD', NULL, '09:19:27'),
(393, '2020-06-19', '1', '939PN3TR', NULL, '09:20:16'),
(394, '2020-06-19', '1', '737PMBA7', NULL, '09:21:19'),
(395, '2020-06-19', '1', '436GRUF8', NULL, '09:23:14'),
(396, '2020-06-19', '1', '664NNKAA', NULL, '09:23:46'),
(397, '2020-06-19', '1', '496YMU36', NULL, '09:29:25'),
(398, '2020-06-19', '1', '498NJMPG', NULL, '09:32:33'),
(399, '2020-06-19', '1', '948V7EKB', NULL, '09:43:06'),
(400, '2020-06-19', '1', '676DAFM6', NULL, '09:43:31'),
(401, '2020-06-19', '1', '893RW6DB', NULL, '09:45:37'),
(402, '2020-06-19', '1', '789QRDYG', NULL, '09:47:00'),
(403, '2020-06-19', '1', '748MKRPT', NULL, '09:47:17'),
(404, '2020-06-19', '1', '636TM3A7', NULL, '09:47:42'),
(405, '2020-06-19', '1', '964XMADQ', NULL, '09:50:15'),
(406, '2020-06-19', '1', '996HX333', NULL, '09:52:05'),
(407, '2020-06-19', '1', '676WQ3GX', NULL, '09:54:39'),
(408, '2020-06-19', '1', '947WTB8A', NULL, '09:56:52'),
(409, '2020-06-19', '1', '898V6WUR', NULL, '10:04:04'),
(410, '2020-06-19', '1', '874K68MQ', NULL, '10:04:35'),
(411, '2020-06-19', '1', '699WD6GR', NULL, '10:06:51'),
(412, '2020-06-19', '1', '966HFBQ3', NULL, '10:07:13'),
(413, '2020-06-19', '1', '949T6NMP', NULL, '10:09:17'),
(414, '2020-06-19', '1', '879W9RJD', NULL, '10:10:20'),
(415, '2020-06-19', '1', '674M44KU', NULL, '10:12:00'),
(416, '2020-06-19', '1', '488RFMJE', NULL, '10:12:15'),
(417, '2020-06-19', '1', '677V8K7N', NULL, '10:12:33'),
(418, '2020-06-19', '1', '664YGKMP', NULL, '10:13:05'),
(419, '2020-06-19', '1', '696NMNMA', NULL, '10:21:22'),
(420, '2020-06-19', '1', '786QX3U8', NULL, '10:22:12'),
(421, '2020-06-19', '1', '386FKD6X', NULL, '10:23:24'),
(422, '2020-06-19', '1', '844Q9DDH', NULL, '10:23:36'),
(423, '2020-06-19', '1', '674RY7AH', NULL, '10:24:42'),
(424, '2020-06-19', '1', '649JRP49', NULL, '10:25:04'),
(425, '2020-06-19', '1', '866RCNXK', NULL, '10:25:23'),
(426, '2020-06-19', '1', '487WXVJY', NULL, '10:27:00'),
(427, '2020-06-19', '1', '693JFU43', NULL, '10:27:00'),
(428, '2020-06-19', '1', '899E8EYB', NULL, '10:30:47'),
(429, '2020-06-19', '1', '767WR37A', NULL, '10:31:03'),
(430, '2020-06-19', '1', '994RDGFH', NULL, '10:31:13'),
(431, '2020-06-19', '1', '384VH44C', NULL, '10:31:36'),
(432, '2020-06-19', '1', '683KMPJV', NULL, '10:36:05'),
(433, '2020-06-19', '1', '846TXDDP', NULL, '10:37:05'),
(434, '2020-06-19', '1', '768VWMBK', NULL, '10:37:13'),
(435, '2020-06-19', '1', '868TWTKP', NULL, '10:38:06'),
(436, '2020-06-19', '1', '637TJ4CE', NULL, '10:39:54'),
(437, '2020-06-19', '1', '967WEB98', NULL, '10:40:56'),
(438, '2020-06-19', '1', '639TGM4K', NULL, '10:42:05'),
(439, '2020-06-19', '1', '763NYEJ6', NULL, '10:47:37'),
(440, '2020-06-19', '1', '898A9A4V', NULL, '10:55:52'),
(441, '2020-06-19', '1', '443RJH4W', NULL, '10:56:02'),
(442, '2020-06-19', '1', '338PUJX4', NULL, '10:57:30'),
(443, '2020-06-19', '1', '986JYEKE', NULL, '10:58:11'),
(444, '2020-06-19', '1', '889VVHU9', NULL, '10:59:36'),
(445, '2020-06-19', '1', '474VW6UU', NULL, '11:00:00'),
(446, '2020-06-19', '1', '856OS0XE', NULL, '11:01:27'),
(447, '2020-06-19', '1', '387DMVH9', NULL, '11:01:44'),
(448, '2020-06-19', '1', '956ND48W', NULL, '11:02:15'),
(449, '2020-06-19', '1', 'W6WDBX5Q', NULL, '11:04:14'),
(450, '2020-06-19', '1', '844PYNTD', NULL, '11:05:16'),
(451, '2020-06-19', '1', '433RCFY4', NULL, '11:06:29'),
(452, '2020-06-19', '1', '867BVQJ4', NULL, '11:09:24'),
(453, '2020-06-19', '1', '743WVEDE', NULL, '11:10:29'),
(454, '2020-06-19', '1', '864TA8FM', NULL, '11:11:29'),
(455, '2020-06-19', '1', '468VMDWJ', NULL, '11:12:36'),
(456, '2020-06-19', '1', '836AT3BH', NULL, '11:13:50'),
(457, '2020-06-19', '1', '849U9FB3', NULL, '11:15:29'),
(458, '2020-06-19', '1', '737NRUYC', NULL, '11:19:12'),
(459, '2020-06-19', '1', '484NNYA9', NULL, '11:20:47'),
(460, '2020-06-19', '1', '947BABJT', NULL, '11:21:13'),
(461, '2020-06-19', '1', '367XNG88', NULL, '11:27:09'),
(462, '2020-06-19', '1', '497MNEAX', NULL, '11:29:24'),
(463, '2020-06-19', '1', '934GNUD3', NULL, '11:37:35'),
(464, '2020-06-19', '1', '694AGDJ7', NULL, '11:39:40'),
(465, '2020-06-19', '1', '784YX7XB', NULL, '11:50:26'),
(466, '2020-06-19', '1', '667U8KCE', NULL, '11:51:05'),
(467, '2020-06-19', '1', '637UX6EV', NULL, '11:52:29'),
(468, '2020-06-19', '1', '673BQDRA', NULL, '11:53:26'),
(469, '2020-06-19', '1', '488P8X44', NULL, '11:55:39'),
(470, '2020-06-19', '1', '644KEFFT', NULL, '11:58:06');

-- --------------------------------------------------------

--
-- Structure de la table `historique_mouvement_jour_ien`
--

CREATE TABLE `historique_mouvement_jour_ien` (
  `IEN` varchar(10) CHARACTER SET latin1 NOT NULL,
  `date_mouvement` date NOT NULL,
  `site_mouvement` int(11) NOT NULL,
  `code_str` bigint(20) NOT NULL,
  `nom` varchar(100) NOT NULL,
  `E1` time NOT NULL,
  `S1` time NOT NULL,
  `E2` time NOT NULL,
  `S2` time NOT NULL,
  `E3` time NOT NULL,
  `S3` time NOT NULL,
  `E4` time NOT NULL,
  `S4` time NOT NULL,
  `E5` time NOT NULL,
  `S5` time NOT NULL,
  `E6` time NOT NULL,
  `S6` time NOT NULL,
  `E7` time NOT NULL,
  `S7` time NOT NULL,
  `E8` time NOT NULL,
  `S8` time NOT NULL,
  `SN` time NOT NULL,
  `etat` tinyint(4) NOT NULL
) ENGINE=MyISAM DEFAULT CHARSET=utf8;

-- --------------------------------------------------------

--
-- Structure de la table `livraison`
--

CREATE TABLE `livraison` (
  `id_livraison` int(11) NOT NULL,
  `date_livraison` datetime DEFAULT NULL,
  `code_str` bigint(20) NOT NULL,
  `Personnel_IEN` varchar(8) NOT NULL
) ENGINE=InnoDB DEFAULT CHARSET=latin1;

--
-- Contenu de la table `livraison`
--

INSERT INTO `livraison` (`id_livraison`, `date_livraison`, `code_str`, `Personnel_IEN`) VALUES
(1, '2020-06-07 00:00:00', 1050362770, '0T8ZUK0S'),
(2, '2020-06-12 00:00:00', 1174469590, '733NY38C'),
(3, '2020-06-12 00:00:00', 1186970740, '493CACBT'),
(4, '2020-06-12 00:00:00', 1290902230, 'W6WDBX5Q'),
(5, '2020-06-16 00:00:00', 1026726200, '868JQX7M'),
(6, '2020-06-18 00:00:00', 1290902230, '956ND48W'),
(7, '2020-06-18 00:00:00', 1115779360, '644K7GC9'),
(8, '2020-06-18 00:00:00', 1186970740, '484AE97K');

-- --------------------------------------------------------

--
-- Structure de la table `livraison_ticket`
--

CREATE TABLE `livraison_ticket` (
  `id_livraison` int(11) NOT NULL,
  `date` datetime DEFAULT NULL,
  `nbr` int(11) DEFAULT NULL
) ENGINE=InnoDB DEFAULT CHARSET=latin1;

--
-- Contenu de la table `livraison_ticket`
--

INSERT INTO `livraison_ticket` (`id_livraison`, `date`, `nbr`) VALUES
(1, '2020-06-04 00:00:00', 2500);

-- --------------------------------------------------------

--
-- Structure de la table `personnel`
--

CREATE TABLE `personnel` (
  `IEN` varchar(8) NOT NULL,
  `prenom` varchar(100) NOT NULL,
  `nom` varchar(50) NOT NULL,
  `CNI` varchar(20) NOT NULL,
  `code_str` bigint(20) NOT NULL,
  `email_pro` varchar(100) NOT NULL
) ENGINE=InnoDB DEFAULT CHARSET=latin1;

--
-- Contenu de la table `personnel`
--

INSERT INTO `personnel` (`IEN`, `prenom`, `nom`, `CNI`, `code_str`, `email_pro`) VALUES
('01WK8DA0', 'Seyni Ndiaye', 'FALL', '1618197100524', 1290902230, 'seynindiaye.fall@education.sn'),
('049EZQEE', 'Moussa', 'BA', '1251197701873', 1290902230, 'moussa.ba@education.sn'),
('0T8ZUK0S', 'Abdoulaye', 'NDAO', '1619198302818', 1290902230, 'abdoulaye.ndao@education.sn'),
('337RV4GT', 'Bakary', 'BODIAN', '10219611231000029', 1432067520, 'bakary.bodian@education.sn'),
('338PUJX4', 'Khady', 'Sene', '2765198003265', 1579405730, 'khady.sene@education.sn'),
('343VHHEW', 'LAMINE', 'DIEME', '1088199301570', 1538921320, 'lamine.dieme@education.sn'),
('347K7GMB', 'SERIGNE', 'NDIAYE', '1706198301102', 1544151360, 'serigne.ndiaye@education.sn'),
('347YN66J', 'serigne bamba', 'toure', '1088198400129', 1111789570, 'serignebamba.toure@education.sn'),
('348DRDQV', 'Mame Maréma', 'DIOP', '2730199700432', 1982782740, 'mamemarema.diop@education.sn'),
('363FJXYV', 'Ibrahima', 'DIATTA', '1027197900457', 1050362770, 'ibrahima.diatta@education.sn'),
('364JVHED', 'COUMBA', 'GUISSE', '20719921212000013', 1563582550, 'coumba.guisse@education.sn'),
('364UJTBJ', 'ndeye khary mame', 'faye', '2596198402342', 1186970740, 'ndeyekhary.faye@education.sn'),
('364UYRU9', 'Thiaba', 'DIENG', '2548197606512', 1050362770, 'thiaba.dieng@education.sn'),
('367XNG88', 'Ndiaga Ndiaye', 'Wade', '1870198703162', 1579405730, 'ndiagandiaye.wade@education.sn'),
('368GNV7T', 'Abdou', 'Sene', '1207198500102', 1538921320, 'abdou.sene@education.sn'),
('374MC8NH', 'ibrahima', 'sene', '1548196502169', 1770461530, 'ibrahima.sene2@education.sn'),
('377DH9K7', 'mamadou', 'Cissé', '1448196200131', 1579405730, 'mamadou.cisse2@education.sn'),
('378H6QTA', 'Ndiawar abdoulaye', 'Teuw', '10119920830000100', 1174469590, 'ndiawarabdoulaye.teuw@education.sn'),
('383CTX7R', 'Aminata', 'DIENA', '2756196609175', 1562092850, 'aminata.diena@education.sn'),
('384VH44C', 'Abdoulaye', 'NDAO', '1751197302771', 1478898750, 'abdoulaye.ndao3@education.sn'),
('386FKD6X', 'Diakhou', 'Tall', '201198910003000723', 1982782740, 'diakhou.tall@education.sn'),
('387BRTR4', 'OUSMANE', 'GUEYE', '1277197100129', 1478898750, 'ousmane.gueye@education.sn'),
('387DMVH9', 'ibrahima farba', 'DIAHAM', '17511992009872', 1290902230, 'ibrahimafarba.diaham@education.sn'),
('387KA7WN', 'Ousmane', 'LABOU', '10919710203000000', 1770461530, 'ousmane.labou@education.sn'),
('388JTDPQ', 'Makhtar Yacine', 'Mbengue', '1756197402143', 1982782740, 'makhtaryacine.mbengue@education.sn'),
('394EPXP8', 'ALY', 'BADIANE', '1251195800680', 1094533540, 'aly.badiane@education.sn'),
('394T83TV', 'Abdourahmane', 'KEINDE', '1728197000739', 1432067520, 'abdourahmane.keinde@education.sn'),
('397RF3JF', 'Nar', 'Diankha', '20819860407000049', 1866441510, 'nar.diankha@education.sn'),
('399MNHVH', 'Souleymane', 'THIAM', '1871198200185', 1579405730, 'souleymane.thiam@education.sn'),
('433J4MAT', 'Khassim', 'BA', '10119700418000011', 1544151360, 'khassim.ba@education.sn'),
('433RCFY4', 'Mohamed Ibrahim', 'DIAGNE', '1751197305504', 1982782740, 'mohamedibrahim.diagne@education.sn'),
('436GRUF8', 'Cheikh', 'SENE', '1426198000315', 1544151360, 'cheikh.sene@education.sn'),
('438JE3GH', 'Tenguella', 'BA', '1291198500001', 1478898750, 'tenguella.ba1@education.sn'),
('438JU4AT', 'Ibrahima Abdoulaye', 'WATT', '1307196500043', 1186970740, 'ibrahimaabdoulaye.watt@education.sn'),
('439TPRCR', 'Ndeye', 'NAME', '209119621231000000', 1982782740, 'ndeye.name@education.sn'),
('443RJH4W', 'Ousmane', 'BA', '1277198800435', 1770461530, 'ousmane.ba@education.sn'),
('447DPC4N', 'Omar', 'THIAM', '10619850406000100', 1538921320, 'omar.thiam1@education.sn'),
('448HVQ87', 'YEYA', 'LY', '2751196609268', 1186970740, 'yeya.ly1@education.sn'),
('464RUCNB', 'Mouhamadou', 'MBENGUE', '1781199300859', 1579405730, 'mouhamadou.mbengue@education.sn'),
('468VMDWJ', 'Abdou Rahmane', 'Diouf', '10119830428000100', 1579405730, 'abdourahmane.diouf1@education.sn'),
('473WXGPV', 'Ibra Thioro', 'Fall', '1596198300675', 1544151360, 'ibrathioro.fall@education.sn'),
('474VW6UU', 'Nestor', 'SAGNA', '1071198200250', 1115779360, 'nestor.sagna@education.sn'),
('476FNNBU', 'Genevieve Estelle', 'MPAMY', '2251197700080', 1186970740, 'genevieveestelle.mpamy@education.sn'),
('476N9CY8', 'Papa Madiamboye', 'TALL', '10719680629000000', 1579405730, 'papamadiamboye.tall@education.sn'),
('478DVE77', 'Mounirou', 'SONKO', '1006199000529', 1094533540, 'mounirou.sonko@education.sn'),
('479PYRCH', 'Malick', 'Dione', '109198550820000000', 1982782740, 'malick.dione3@education.sn'),
('483TR3PH', 'HIPPOLYTE', 'SAMBOU', '2070197803871', 1563582550, 'hippolyte.sambou@education.sn'),
('484AE97K', 'Babacar', 'THIANE', '1756196405081', 1186970740, 'babacar.thiane@education.sn'),
('484NNYA9', 'OUMAR', 'NDIAYE', '1277198002236', 1186970740, 'oumar.ndiaye@education.sn'),
('487WXVJY', 'Momar', 'FAYE', '1672195900055', 1579405730, 'momar.faye@education.sn'),
('488P8X44', 'Avelino Cyrille', 'PEREIRA', '10119890905000100', 1579405730, 'avelinocyrille.pereira@education.sn'),
('488RFMJE', 'Mame rose', 'Fall', '2870199502716', 1579405730, 'mamerose.fall@education.sn'),
('493CACBT', 'Fatou', 'BOB', '2454197500101', 1186970740, 'fatou.bob@education.sn'),
('496YMU36', 'Khary', 'NDIAYE', '2772197500020', 1872351910, 'khary.ndiaye@education.sn'),
('497MNEAX', 'Arame', 'TOURE', '2619199101435', 1563582550, 'arame.toure@education.sn'),
('497QDDYM', 'SEYDOU', 'DIALLO', '1191197300389', 1186970740, 'seydou.diallo@education.sn'),
('498M8KJ8', 'Edouard Bérenger', 'MANGA', '10219820806000102', 1579405730, 'edouardberenger.manga1@education.sn'),
('498NJMPG', 'Ismael', 'Mbodji', '1752199200760', 1290902230, 'ismael.mbodji@education.sn'),
('633MUUC9', 'ALIOU', 'SARR', '1613198100057', 1982782740, 'aliou.sarr@education.sn'),
('636TM3A7', 'DIARRA', 'SOW', '2476196400192', 1982782740, 'diarra.sow@education.sn'),
('637TJ4CE', 'COUMBA', 'NDIAYE', '2340198600398', 1579405730, 'coumba.ndiaye@education.sn'),
('637UX6EV', 'Souleye', 'Faye', '10319690202000056', 1553748820, 'souleye.faye@education.sn'),
('637WDYUG', 'Madeleine', 'FALL', '2756196709272', 1432067520, 'madeleine.fall3@education.sn'),
('639EPC96', 'MADIOP', 'GUEYE', '1605198501215', 1551270300, 'madiop.gueye@education.sn'),
('639TGM4K', 'Abdallah', 'Sow', '1136196400080', 1478898750, 'abdallah.sow@education.sn'),
('644K7GC9', 'aliou', 'Thiaw', '1191197000348', 1115779360, 'aliou.thiaw2@education.sn'),
('644KEFFT', 'Modou', 'Gueye', '1196199400230', 1982782740, 'modou.gueye@education.sn'),
('646RTHK3', 'Papa Ndiaga', 'Diome', '10919730813000000', 1544151360, 'papandiaga.diome@education.sn'),
('649JRP49', 'Demba', 'MENDY', '1081197600028', 1982782740, 'demba.mendy@education.sn'),
('664NNKAA', 'MAMSENE', 'TOURE', '1751197904452', 1544151360, 'mamsene.toure@education.sn'),
('664YGKMP', 'Mariata', 'Ba', '2847198802646', 1770461530, 'mariata.ba@education.sn'),
('667U8KCE', 'JOSEPH', 'BIAYE', '1070198300530', 1866441510, 'joseph.biaye@education.sn'),
('673BQDRA', 'Sokhna', 'NDIAYE', '2944199701009', 1579405730, 'sokhna.ndiaye1@education.sn'),
('674M44KU', 'ALIOU', 'DIOP', '1767198600724', 1186970740, 'aliou.diop@education.sn'),
('674RY7AH', 'Astou', 'Cissokho', '20119781119000000', 1579405730, 'astou.cissokho@education.sn'),
('676DAFM6', 'Hameth Hamidou', 'SY', '1261199000352', 1982782740, 'hamethhamidou.sy@education.sn'),
('676VAGX7', 'Toumany', 'SANKHARE', '11319721117000000', 1872351910, 'toumany.sankhare@education.sn'),
('676WQ3GX', 'Moussa', 'SARR', '1590200300216', 1186970740, 'moussa.sarr@education.sn'),
('677V8K7N', 'Ousmane', 'KEITA', '1177198901081', 1579405730, 'ousmane.keita@education.sn'),
('683DYTUN', 'Elhadji Babacar', 'NIANG', '10719791021000100', 1544151360, 'elhadjibabacar.niang@education.sn'),
('683KMPJV', 'Diattou', 'Faye', '20919810507000000', 1579405730, 'diattou.faye@education.sn'),
('693JFU43', 'CHEIKH', 'BA', '1751197311668', 1538921320, 'cheikh.ba@education.sn'),
('694AGDJ7', 'Jean Mathieu', 'Badji', '1042200000302', 1982782740, 'jeanmathieu.badji@education.sn'),
('696NMNMA', 'Ousmane', 'FAYE', '10519841124000026', 1579405730, 'ousmane.faye59@education.sn'),
('698VFJ3G', 'Papa Demba', 'Sy', '10619610629000016', 1544151360, 'papademba.sy@education.sn'),
('699TQYTG', 'Ibrahima', 'SECK', '1765196701188', 1544151360, 'ibrahima.seck@education.sn'),
('699WD6GR', 'Kardiatou', 'Camara', '2299200300576', 1186970740, 'kardiatou.camara@education.sn'),
('733ED6QF', 'LANSANA', 'SAGNA', '10219660414000000', 1186970740, 'lansana.sagna@education.sn'),
('733NY38C', 'Cheikh Tidiane', 'MBAYE', '10119681109000000', 1174469590, 'cheikhtidiane.mbaye@education.sn'),
('736RFWCV', 'Elhadji Babacar', 'SECK', '1619197200514', 1982782740, 'elhadjibabacar.seck1@education.sn'),
('736WQB3J', 'el hadji fallou', 'dieng', '10119900208000021', 1579405730, 'elhadji.dieng8@education.sn'),
('737NRUYC', 'ALIOUNE BADARA', 'DIALLO', '10119781025000400', 1770461530, 'aliounebadara.diallo@education.sn'),
('737PMBA7', 'Faty', 'SEYE', '2751197600167', 1186970740, 'faty.seye@education.sn'),
('743WVEDE', 'Cheikh', 'Niang', '1751197112545', 1553748820, 'cheikh.niang@education.sn'),
('748MKRPT', 'Samba', 'DIAGNE', '1756197007859', 1186970740, 'samba.diagne@education.sn'),
('749HAQED', 'SEYNABOU', 'MBAYE', '2619196903876', 1159343490, 'seynabou.mbaye@education.sn'),
('763NYEJ6', 'El Hadji Mbaye', 'SYLLA', '1748198000027', 1579405730, 'elhadji.sylla@education.sn'),
('767WR37A', 'NDENE', 'NIANG', '1755197600744', 1538921320, 'ndene.niang3@education.sn'),
('768VWMBK', 'Ngone', 'Seck', '2212198402212', 1115779360, 'ngone.seck@education.sn'),
('769BGKVY', 'Awa', 'DIONGUE', '2548196502408', 1553748820, 'awa.diongue@education.sn'),
('769MFTA7', 'Ibrahima', 'Senghor', '1465195900142', 1562092850, 'ibrahima.senghor@education.sn'),
('773Q3DWF', 'Abou', 'KONTE', '1277197702611', 1544151360, 'abou.konte@education.sn'),
('779CVCY3', 'Mor', 'DIOUM', '1200198000363', 1544151360, 'mor.dioum@education.sn'),
('783DA4XF', 'Amadou Bocar', 'GUEYE', '1251197002390', 1186970740, 'amadoubocar.gueye@education.sn'),
('784ABJRB', 'MAMADOU', 'SONKO', '1001196600944', 1186970740, 'mamadou.sonko2@education.sn'),
('784YX7XB', 'Malamine Sakho', 'SADIO', '1146197700603', 1553748820, 'malaminesakho.sadio@education.sn'),
('786QX3U8', 'Macky Chérif', 'Gassama', '1273197900063', 1579405730, 'mackychérif.gassama@education.sn'),
('786WYTNV', 'FATOU', 'MBENGUE', '2751196407797', 1186970740, 'fatou.mbengue@education.sn'),
('787GDRFR', 'MALICK', 'SANOKHO', '1560199600095', 1538921320, 'malick.sanokho@education.sn'),
('789QRDYG', 'mame libasse', 'ka', '1212196200261', 1982782740, 'mamelibasse.ka@education.sn'),
('797CUWTD', 'mariama', 'diouf', '2548197400595', 1432067520, 'mariama.diouf37@education.sn'),
('798VH76G', 'Momar', 'DIAW', '1548196101347', 1866441510, 'momar.diaw@education.sn'),
('799NHUNA', 'Abdou', 'THIAO', '1191197300033', 1493742260, 'abdou.thiao@education.sn'),
('836AT3BH', 'Diaw nar', 'Ngom', '2251198001034', 1562092850, 'diawnar.ngom@education.sn'),
('844PYNTD', 'Fatou', 'SARR', '2742199204651', 1932617310, 'fatou.sarr@education.sn'),
('844Q9DDH', 'MAMADOU MBENDA', 'FALL', '1212196803302', 1538921320, 'mamadoumbenda.fall@education.sn'),
('844R9CQ4', 'Moussa', 'SAMB', '1681197800161', 1186970740, 'moussa.samb@education.sn'),
('846TXDDP', 'Mamadou', 'KEBE', '1773196400163', 1478898750, 'mamadou.kebe@education.sn'),
('847NY4HQ', 'Aminata', 'Diallo', '2417198900797', 1770461530, 'aminata.diallo@education.sn'),
('849DDAMT', 'Magueye', 'Thiam', '1848198000060', 1553748820, 'magueye.thiam1@education.sn'),
('849U9FB3', 'Abdoul Aziz', 'GUEYE', '10619650812000000', 1130379380, 'abdoulaziz.gueye@education.sn'),
('856OS0XE', 'BAKARY AINENY', 'SANE', '1099198200185', 1290902230, 'bakaryaineny.sane@education.sn'),
('864TA8FM', 'YOUSSOU', 'NDOUR', '1605197800301', 1982782740, 'youssou.ndour5@education.sn'),
('866RCNXK', 'mariama', 'seck', '20919750727000032', 1982782740, 'mariama.seck13@education.sn'),
('867BVQJ4', 'Oumy', 'Badji', '2001197200009', 1544151360, 'oumy.badji@education.sn'),
('868JQX7M', 'ALIOUNE', 'BA', '1619197500211', 1544151360, 'alioune.ba@education.sn'),
('868TWTKP', 'Fatou Kine', 'Mbaye', '2752198201308', 1115779360, 'fatoukine.mbaye1@education.sn'),
('874BU8DB', 'Awa', 'DIENG', '2251198301735', 1544151360, 'awa.dieng9@education.sn'),
('874K68MQ', 'Ndella Diouf', 'FAYE', '2440199300109', 1579405730, 'ndelladiouf.faye@education.sn'),
('879W9RJD', 'Ismaila', 'DIEME', '1007197100011', 1186970740, 'ismaila.dieme3@education.sn'),
('889VVHU9', 'Moussa', 'NIANG', '1751197202834', 1432067520, 'moussa.niang@education.sn'),
('893RW6DB', 'mariama', 'daffe', '20119700211000248', 1982782740, 'mariama.daffe2@education.sn'),
('893TR7WE', 'Amadou Mamadou', 'SALL', '11119740425000000', 1544151360, 'amadoumamadou.sall@education.sn'),
('897AW67R', 'Ndeye Aby', 'NDAW', '2756197400172', 1544151360, 'ndeyeaby.ndaw@education.sn'),
('897VMJJN', 'fallou', 'sarr', '10319650815000000', 1432067520, 'fallou.sarr@education.sn'),
('898A9A4V', 'ALIOUNE', 'FALL', '1648196800039', 1538921320, 'alioune.fall50@education.sn'),
('898V6WUR', 'MAHAMADOU LAMINE', 'BARRO', '1088197400802', 1562092850, 'mahamadoulamine.barro@education.sn'),
('899E8EYB', 'Pape Khole', 'Dioh', '1755198202266', 1290902230, 'papekhole.dioh@education.sn'),
('934GNUD3', 'Amath', 'Sene', '15481992327162', 1290902230, 'amath.sene@education.sn'),
('934RCNK3', 'AWA', 'DIALLO', '2454198800024', 1186970740, 'awa.diallo4@education.sn'),
('939PN3TR', 'Mamadou Lamine', 'SAMB', '1751197301424', 1186970740, 'mamadoulamine.samb@education.sn'),
('946TT64K', 'Ibrahima', 'BA', '1426196500034', 1544151360, 'ibrahima.ba@education.sn'),
('947BABJT', 'Demba Yankhoba', 'SALL', '10119620427000049', 1563582550, 'dembayankhoba.sall@education.sn'),
('947WTB8A', 'ousmane', 'DIAGNE', '10419720302000012', 1553748820, 'ousmane.diagne@education.sn'),
('948V7EKB', 'Khoudia Bassirou', 'Ndao', '2766199402565', 1982782740, 'khoudiabassirou.ndao@education.sn'),
('949T6NMP', 'ousseynou', 'pouye', '1770199702494', 1553748820, 'ousseynou.pouye@education.sn'),
('956ND48W', 'Adama', 'FALL', '1611199300238', 1290902230, 'adama.fall@education.sn'),
('95WEJKHY', 'NDEYE FALL', 'DIENG', '2212198003909', 1290902230, 'ndeyefall.dieng@education.sn'),
('963DEJ6K', 'Papa', 'KANDJI', '10719661123000058', 1866441510, 'papa.kandji@education.sn'),
('964XMADQ', 'IBRAHIMA', 'KA', '1765196901901', 1186970740, 'ibrahima.ka@education.sn'),
('966HFBQ3', 'debo', 'mbaye', '2766199204689', 1579405730, 'debo.mbaye@education.sn'),
('966QDG3U', 'Saliou', 'FALL', '1775196400175', 1866441510, 'saliou.fall1@education.sn'),
('967NRQDT', 'DAOUDA', 'THIAW', '10319660810000000', 1538921320, 'daouda.thiaw@education.sn'),
('967WEB98', 'Marie Madeleine', 'NDONG', '2751196808076', 1579405730, 'mariemadeleine.ndong@education.sn'),
('974F6BTV', 'MOUHAMADOU BAMBA', 'MBAYE', '1619197405893', 1544151360, 'mouhamadoubamba.mbaye@education.sn'),
('984QP4JD', 'Mamadou Moustapha', 'Diallo', '10419730605000000', 1553748820, 'mamadoumoustapha.diallo@education.sn'),
('986JYEKE', 'Abdourahmane', 'Gueye', '1773198400087', 1538921320, 'abdourahmane.gueye@education.sn'),
('994RDGFH', 'Papa Samba', 'MBAYE', '1915198501385', 1553748820, 'papasamba.mbaye@education.sn'),
('996HX333', 'Boubacar', 'NIASSE', '1751196901750', 1186970740, 'boubacar.niasse@education.sn'),
('997TH8HV', 'Oumy', 'Gueye', '201197908080000182', 1832722740, 'oumy.gueye1@education.sn'),
('999DTW3B', 'Ameth', 'Seck', '1756197602911', 1982782740, 'ameth.seck8@education.sn'),
('W6WDBX5Q', 'Idrissa', 'NDIAYE', '1234567876567', 1290902230, 'idrissa.ndiaye@education.sn');

-- --------------------------------------------------------

--
-- Structure de la table `structure`
--

CREATE TABLE `structure` (
  `code_str` bigint(20) NOT NULL,
  `libelle` varchar(300) DEFAULT NULL
) ENGINE=InnoDB DEFAULT CHARSET=latin1;

--
-- Contenu de la table `structure`
--

INSERT INTO `structure` (`code_str`, `libelle`) VALUES
(1026726200, 'CENTRE NATIONAL DE RESSOURCES EDUCATIONNELLE'),
(1050362770, 'DIRECTION DES EQUIPEMENTS SCOLAIRES'),
(1094533540, 'PROGRAMME DAPPUI AU SYST?®ME EDUCATIF DE BASE AU S?©N?©GAL  '),
(1111789570, 'CELLULE INFORMATIQUE DU MINIST?®RE DE LEDUCATION¬†¬† '),
(1115779360, 'DIVISION DES CANTINES SCOLAIRES '),
(1130379380, 'PROGRAMME D APPUI A L EDUCATION DE BASE DE LA CASAMANCE '),
(1154914640, 'SECRETARIAT GENERAL PERMANENT DE LA COMMISSION NATIONALE POUR'),
(1174469590, 'CELLULE DE PASSATION DES MARCHES'),
(1186970740, 'DIRECTION DES RESSOURCES HUMAINES¬†¬†'),
(1290902230, 'SIMEN'),
(1348495690, 'CENTRE NATIONAL DE LORIENTATION SCOLAIRE ET PROFESSIONNELLE '),
(1352127250, 'DIRECTION DE L EDUCATION PRESCOLAIRE'),
(1352932430, 'PROJET D APPUI A L EDUCATION DES FILLES'),
(1432067520, 'INSPECTION DES DAARAS'),
(1449931990, 'CHARG?© DES OP?©RATIONS FINANCI?®RES'),
(1474712690, 'PROJET DAPPUI ?† LA MODERNISATION DES DAARA  '),
(1478898750, 'DIRECTION DE LEDUCATION PR?©SCOLAIRE'),
(1493742260, 'BUREAU DE SUIVI¬†¬†'),
(1498593900, 'DIRECTION DU CABINET '),
(1519598220, 'INSTITUT NATIONAL DETUDES ET DACTIONS POUR LE D?©VELOPPEMENT DE LEDUCATION '),
(1538921320, 'DIRECTION DE LA PLANIFICATION ET DE LA R?©FORME DE LEDUCATION '),
(1544151360, 'DIRECTION DE LENSEIGNEMENT EL?©MENTAIRE '),
(1551270300, 'INSPECTION G?©N?©RALE DE LEDUCATION ET DE LA FORMATION'),
(1553748820, 'DIVISION DES AFFAIRES JURIDIQUES, DES LIAISONS ET DE LA DOCUMENTATION'),
(1562092850, 'SECR?âTARIAT GENERAL '),
(1563582550, 'DIRECTION DE LA FORMATION ET DE LA COMMUNICATION '),
(1579405730, 'DIRECTION DE LADMINISTRATION G?©N?©RALE ET DE LEQUIPEMENT '),
(1628800130, 'RENFORCEMENT DE LAPPUI ?† LA PROTECTION DES ENFANTS DANS L?âDUCATION AU S?©N?©GAL, '),
(1644208050, 'USAID/PROGRAMME NATIONAL DE LECTURE '),
(1650150940, 'DIVISION DU CONTR?¥LE M?©DICAL SCOLAIRE '),
(1652109370, 'PROJET DAM?©LIORATION DES APPRENTISSAGES  EN MATH?©MATIQUES  ?†  ?âL?©MENTAIRE'),
(1660624970, 'PROJET DAPPUI ?† L?©DUCATION F?©MININE ET ?† LEMPOWERMENT DES FEMMES POUR D?©VELOPPEMENT LOCAL INCLUSIF '),
(1730246120, 'INSPECTION DES AFFAIRES ADMINISTRATIVES ET FINANCIERES'),
(1770461530, 'DIVISION DE LENSEIGNEMENT ARABE '),
(1832722740, 'DIVISION LENSEIGNEMENT PRIV?© '),
(1854629610, 'DIRECTION DES EXAMENS ET CONCOURS '),
(1866441510, 'DIRECTION DE LENSEIGNEMENT MOYEN ET SECONDAIRE G?©N?©RAL '),
(1869782370, 'PROGRAMME D APPUI A LA MODERNISATION DES DAARA'),
(1917617710, 'DIVISION DES SPORTS ET DES ACTIVIT?©S DE JEUNESSE'),
(1932617310, 'APPUI AU D?©VELOPPEMENT DE L EDUCATION MOYEN'),
(1943635930, 'CONTROLEUR BUDG?©TAIRE MINIST?©RIEL'),
(1951121090, 'DIVISION DE LA RADIODIFFUSION ET T?©L?©VISION SCOLAIRE '),
(1969608540, 'AM?©LIORATION DES PERFORMANCES DE TRAVAIL ET DENTREPRENARIAT AU S?©N?©GAL '),
(1982782740, 'DIRECTION DE LALPHAB?©TISATION ET DES LANGUES NATIONALES '),
(1990403960, 'DIRECTION DES CONSTRUCTION SCOLAIRES');

-- --------------------------------------------------------

--
-- Structure de la table `sys_menu`
--

CREATE TABLE `sys_menu` (
  `id_menu` int(11) NOT NULL,
  `code` varchar(100) DEFAULT NULL,
  `libelle` varchar(100) DEFAULT NULL,
  `etat` enum('-1','1') DEFAULT NULL,
  `rang` int(11) NOT NULL DEFAULT '1000',
  `date_last_modif` timestamp NOT NULL DEFAULT CURRENT_TIMESTAMP ON UPDATE CURRENT_TIMESTAMP
) ENGINE=InnoDB DEFAULT CHARSET=utf8;

--
-- Contenu de la table `sys_menu`
--

INSERT INTO `sys_menu` (`id_menu`, `code`, `libelle`, `etat`, `rang`, `date_last_modif`) VALUES
(1, 'Gestion', 'MOUVEMENT', '1', 1000, '2020-06-06 16:52:03'),
(2, 'SECURITE', 'Securite', '1', 1000, '2020-06-06 16:52:03');

-- --------------------------------------------------------

--
-- Structure de la table `sys_sous_menu`
--

CREATE TABLE `sys_sous_menu` (
  `id_sous_menu` int(11) NOT NULL,
  `id_menu` int(11) DEFAULT NULL,
  `code` varchar(100) DEFAULT NULL,
  `libelle` varchar(100) DEFAULT NULL,
  `etat` enum('-1','1') DEFAULT NULL,
  `date_last_modif` timestamp NOT NULL DEFAULT CURRENT_TIMESTAMP ON UPDATE CURRENT_TIMESTAMP
) ENGINE=InnoDB DEFAULT CHARSET=utf8;

--
-- Contenu de la table `sys_sous_menu`
--

INSERT INTO `sys_sous_menu` (`id_sous_menu`, `id_menu`, `code`, `libelle`, `etat`, `date_last_modif`) VALUES
(23, 7, 'USR', 'Utilisateurs', '1', '2018-03-12 17:39:00'),
(24, 7, 'MENU', 'Menus', '1', '2018-03-12 17:39:00'),
(25, 7, 'PROFIL', 'Profil', '1', '2018-03-12 17:39:00'),
(42, 2, 'PLANNING', 'Planning', '1', '2018-10-30 15:40:18'),
(43, 12, 'POINTAGE', 'Pointage', '1', '2018-10-30 15:40:18'),
(44, 2, 'TRACE_CRON_POINTAGE', 'TRACE CRON POINTAGE', '1', '2018-11-08 16:09:56'),
(45, 12, 'HISTORIQUE_POINTAGE', 'HISTORIQUE POINTAGE', '1', '2018-11-08 16:09:56'),
(46, 12, 'POINTAGE_SITES', 'POINTAGE SITES', '1', '2018-11-09 12:49:06');

-- --------------------------------------------------------

--
-- Structure de la table `sys_type_action`
--

CREATE TABLE `sys_type_action` (
  `id_actions` int(11) NOT NULL,
  `id_type_profil` int(11) UNSIGNED NOT NULL,
  `id_sous_menu` int(11) NOT NULL,
  `d_read` enum('-1','1') DEFAULT NULL,
  `d_add` enum('-1','1') DEFAULT NULL,
  `d_upd` enum('-1','1') DEFAULT NULL,
  `d_del` enum('-1','1') DEFAULT NULL,
  `date_last_modif` timestamp NOT NULL DEFAULT CURRENT_TIMESTAMP ON UPDATE CURRENT_TIMESTAMP
) ENGINE=InnoDB DEFAULT CHARSET=utf8;

--
-- Contenu de la table `sys_type_action`
--

INSERT INTO `sys_type_action` (`id_actions`, `id_type_profil`, `id_sous_menu`, `d_read`, `d_add`, `d_upd`, `d_del`, `date_last_modif`) VALUES
(1, 1, 23, '1', '1', '1', '1', '2018-11-08 17:06:40'),
(2, 1, 24, '1', '1', '1', '1', '2018-11-08 17:06:40'),
(3, 1, 25, '1', '1', '1', '1', '2018-11-08 17:06:40'),
(4, 1, 43, '-1', '-1', '-1', '-1', '2018-11-08 17:06:40'),
(5, 1, 42, '1', '1', '1', '1', '2018-11-08 17:06:40'),
(6, 2, 43, '1', '1', '1', '1', '2018-10-30 15:41:36'),
(7, 3, 23, '1', '1', '1', '1', '2018-11-09 12:50:35'),
(8, 3, 24, '1', '1', '1', '1', '2018-11-09 12:50:35'),
(9, 3, 25, '1', '1', '1', '1', '2018-11-09 12:50:35'),
(10, 3, 43, '-1', '-1', '-1', '-1', '2018-11-08 17:06:27'),
(11, 3, 42, '1', '1', '1', '1', '2018-11-09 12:50:35'),
(12, 1, 45, '1', '1', '1', '1', '2018-11-08 17:06:40'),
(13, 1, 44, '1', '1', '1', '1', '2018-11-08 17:06:40'),
(14, 3, 45, '1', '1', '1', '1', '2018-11-09 12:50:35'),
(15, 3, 44, '1', '1', '1', '1', '2018-11-09 12:50:35'),
(16, 3, 46, '1', '1', '1', '1', '2018-11-09 12:50:35');

-- --------------------------------------------------------

--
-- Structure de la table `sys_type_profil`
--

CREATE TABLE `sys_type_profil` (
  `id_type_profil` int(10) UNSIGNED NOT NULL,
  `libelle_type_profil` varchar(250) CHARACTER SET latin1 DEFAULT NULL,
  `etat` enum('1','-1') CHARACTER SET latin1 DEFAULT NULL,
  `date_last_modif` timestamp NOT NULL DEFAULT CURRENT_TIMESTAMP ON UPDATE CURRENT_TIMESTAMP,
  `code_profil` int(11) DEFAULT '0'
) ENGINE=InnoDB DEFAULT CHARSET=utf8;

--
-- Contenu de la table `sys_type_profil`
--

INSERT INTO `sys_type_profil` (`id_type_profil`, `libelle_type_profil`, `etat`, `date_last_modif`, `code_profil`) VALUES
(1, 'Admin', '1', '2020-06-06 16:50:17', 1),
(2, 'Agent', '1', '2018-11-07 17:32:34', 2),
(3, 'Admin', '1', '2018-11-07 18:41:49', 3);

-- --------------------------------------------------------

--
-- Structure de la table `sys_user`
--

CREATE TABLE `sys_user` (
  `ien` varchar(10) NOT NULL,
  `id_profil` int(10) UNSIGNED NOT NULL,
  `statut` enum('0','1') NOT NULL DEFAULT '1',
  `date_last_modif` timestamp NULL DEFAULT CURRENT_TIMESTAMP ON UPDATE CURRENT_TIMESTAMP,
  `code_acces` varchar(20) NOT NULL,
  `email_pro` varchar(100) NOT NULL
) ENGINE=InnoDB DEFAULT CHARSET=latin1;

--
-- Contenu de la table `sys_user`
--

INSERT INTO `sys_user` (`ien`, `id_profil`, `statut`, `date_last_modif`, `code_acces`, `email_pro`) VALUES
('0T8ZUK0S', 1, '1', '2020-06-06 16:49:55', '', '');

--
-- Index pour les tables exportées
--

--
-- Index pour la table `commande`
--
ALTER TABLE `commande`
  ADD PRIMARY KEY (`id_commande`),
  ADD UNIQUE KEY `date_cmd` (`date_cmd`,`IEN`),
  ADD KEY `fk_commande_Personnel1_idx` (`IEN`),
  ADD KEY `fk_commande_livraison1_idx` (`id_livraison`);

--
-- Index pour la table `livraison`
--
ALTER TABLE `livraison`
  ADD PRIMARY KEY (`id_livraison`),
  ADD UNIQUE KEY `date_livraison` (`date_livraison`,`code_str`),
  ADD KEY `fk_livraison_Structure_idx` (`code_str`),
  ADD KEY `fk_livraison_Personnel1_idx` (`Personnel_IEN`);

--
-- Index pour la table `livraison_ticket`
--
ALTER TABLE `livraison_ticket`
  ADD PRIMARY KEY (`id_livraison`);

--
-- Index pour la table `personnel`
--
ALTER TABLE `personnel`
  ADD PRIMARY KEY (`IEN`),
  ADD UNIQUE KEY `CNI_UNIQUE` (`CNI`);

--
-- Index pour la table `structure`
--
ALTER TABLE `structure`
  ADD PRIMARY KEY (`code_str`);

--
-- Index pour la table `sys_menu`
--
ALTER TABLE `sys_menu`
  ADD PRIMARY KEY (`id_menu`);

--
-- Index pour la table `sys_sous_menu`
--
ALTER TABLE `sys_sous_menu`
  ADD PRIMARY KEY (`id_sous_menu`),
  ADD UNIQUE KEY `id_menu_2` (`id_menu`,`code`),
  ADD KEY `id_menu` (`id_menu`);

--
-- Index pour la table `sys_type_action`
--
ALTER TABLE `sys_type_action`
  ADD PRIMARY KEY (`id_actions`),
  ADD KEY `id_sous_menu` (`id_sous_menu`),
  ADD KEY `id_type_profil` (`id_type_profil`);

--
-- Index pour la table `sys_type_profil`
--
ALTER TABLE `sys_type_profil`
  ADD PRIMARY KEY (`id_type_profil`);

--
-- Index pour la table `sys_user`
--
ALTER TABLE `sys_user`
  ADD PRIMARY KEY (`ien`),
  ADD UNIQUE KEY `ien` (`ien`),
  ADD KEY `id_profil` (`id_profil`);

--
-- AUTO_INCREMENT pour les tables exportées
--

--
-- AUTO_INCREMENT pour la table `commande`
--
ALTER TABLE `commande`
  MODIFY `id_commande` int(11) NOT NULL AUTO_INCREMENT, AUTO_INCREMENT=471;
--
-- AUTO_INCREMENT pour la table `livraison`
--
ALTER TABLE `livraison`
  MODIFY `id_livraison` int(11) NOT NULL AUTO_INCREMENT, AUTO_INCREMENT=9;
--
-- AUTO_INCREMENT pour la table `livraison_ticket`
--
ALTER TABLE `livraison_ticket`
  MODIFY `id_livraison` int(11) NOT NULL AUTO_INCREMENT, AUTO_INCREMENT=2;
--
-- AUTO_INCREMENT pour la table `structure`
--
ALTER TABLE `structure`
  MODIFY `code_str` bigint(20) NOT NULL AUTO_INCREMENT, AUTO_INCREMENT=1990403961;
--
-- AUTO_INCREMENT pour la table `sys_menu`
--
ALTER TABLE `sys_menu`
  MODIFY `id_menu` int(11) NOT NULL AUTO_INCREMENT, AUTO_INCREMENT=13;
--
-- AUTO_INCREMENT pour la table `sys_sous_menu`
--
ALTER TABLE `sys_sous_menu`
  MODIFY `id_sous_menu` int(11) NOT NULL AUTO_INCREMENT, AUTO_INCREMENT=47;
--
-- AUTO_INCREMENT pour la table `sys_type_action`
--
ALTER TABLE `sys_type_action`
  MODIFY `id_actions` int(11) NOT NULL AUTO_INCREMENT, AUTO_INCREMENT=17;
--
-- AUTO_INCREMENT pour la table `sys_type_profil`
--
ALTER TABLE `sys_type_profil`
  MODIFY `id_type_profil` int(10) UNSIGNED NOT NULL AUTO_INCREMENT, AUTO_INCREMENT=4;
--
-- Contraintes pour les tables exportées
--

--
-- Contraintes pour la table `commande`
--
ALTER TABLE `commande`
  ADD CONSTRAINT `fk_commande_Personnel1` FOREIGN KEY (`IEN`) REFERENCES `personnel` (`IEN`) ON DELETE NO ACTION ON UPDATE NO ACTION;

--
-- Contraintes pour la table `livraison`
--
ALTER TABLE `livraison`
  ADD CONSTRAINT `fk_livraison_Personnel1` FOREIGN KEY (`Personnel_IEN`) REFERENCES `personnel` (`IEN`) ON DELETE NO ACTION ON UPDATE NO ACTION,
  ADD CONSTRAINT `fk_livraison_Structure` FOREIGN KEY (`code_str`) REFERENCES `structure` (`code_str`) ON DELETE NO ACTION ON UPDATE NO ACTION;

--
-- Contraintes pour la table `sys_type_action`
--
ALTER TABLE `sys_type_action`
  ADD CONSTRAINT `fk_id_sous_menu` FOREIGN KEY (`id_sous_menu`) REFERENCES `sys_sous_menu` (`id_sous_menu`),
  ADD CONSTRAINT `fk_id_type_profil` FOREIGN KEY (`id_type_profil`) REFERENCES `sys_type_profil` (`id_type_profil`);

--
-- Contraintes pour la table `sys_user`
--
ALTER TABLE `sys_user`
  ADD CONSTRAINT `sys_user_ibfk_2` FOREIGN KEY (`id_profil`) REFERENCES `sys_type_profil` (`id_type_profil`) ON DELETE NO ACTION ON UPDATE NO ACTION;

/*!40101 SET CHARACTER_SET_CLIENT=@OLD_CHARACTER_SET_CLIENT */;
/*!40101 SET CHARACTER_SET_RESULTS=@OLD_CHARACTER_SET_RESULTS */;
/*!40101 SET COLLATION_CONNECTION=@OLD_COLLATION_CONNECTION */;
